chunk_size,overlap,model,hit@1,hit@3,hit@5,mrr,top1_score,gap_1_2
500,50,MPNet,0.8888888888888888,0.9629629629629629,1.0,0.9351851851851852,0.47545908281096705,0.08636149488113544
800,80,MPNet,0.8888888888888888,1.0,1.0,0.9320987654320988,0.43773141668902504,0.09731475788134115
800,80,MiniLM,0.8518518518518519,1.0,1.0,0.9135802469135803,0.4915353297083466,0.11118821578997153
500,50,MiniLM,0.8148148148148148,1.0,1.0,0.8888888888888888,0.4977241070182235,0.08157739595130638
200,20,MPNet,0.8148148148148148,0.9629629629629629,1.0,0.8858024691358025,0.5246317110679768,0.08085363220285487
200,20,MiniLM,0.7777777777777778,0.9629629629629629,1.0,0.8734567901234568,0.5438989367749956,0.1056722170776791
